Package Name,Size,Percentage of Total Size
libreoffice-core,330092887,4.372600
firefox,233857107,3.097800
glibc-all-langpacks,228747891,3.030100
java-17-openjdk-headless,221441167,2.933300
edk2-aarch64,216111137,2.862700
kernel-core,135358899,1.793000
kernel-core,133108080,1.763200
ibus,117203416,1.552500
llvm-libs,116716560,1.546100
containerd.io,101168184,1.340100
linux-firmware,99158329,1.313500
cldr-emoji-annotation,98675354,1.307100
gcc,86619817,1.147400
mesa-dri-drivers,84137412,1.114500
docker-ce,77927577,1.032200
kernel-devel,72644982,.962300
kernel-devel,70856626,.938600
google-noto-sans-cjk-vf-fonts,64613102,.855900
geolite2-city,62712603,.830700
docker-buildx-plugin,62168336,.823500
docker-compose-plugin,61407998,.813400
webkit2gtk4.1,60765273,.804900
webkitgtk6.0,60623532,.803000
firefox-langpacks,57722650,.764600
python3-libs,57265389,.758500
gnome-user-docs,56056706,.742500
libpinyin-data,51446292,.681400
glibc-gconv-extra,51442372,.681400
podman,50273088,.665900
qt6-qtdeclarative,49002825,.649100
kernel-modules,47443156,.628400
kernel-modules,47159260,.624700
guile22,46403113,.614600
iwlwifi-mvm-firmware,43894286,.581400
ibus-libzhuyin,42306970,.560400
qemu-user-static-mips,39184962,.519000
libicu,37910967,.502100
mesa-vulkan-drivers,37730376,.499800
unicode-ucd,34844147,.461500
frei0r-plugins,33550569,.444400
kernel-modules-core,32377635,.428800
ImageMagick-libs,32050948,.424500
kernel-modules-core,32005704,.423900
docker-ce-cli,31979323,.423600
hplip,31112910,.412100
binutils,30758909,.407400
flite,29792512,.394600
gutenprint,29420134,.389700
cpp,29380495,.389100
speech-dispatcher,28717825,.380400
graphviz,28663497,.379600
libreoffice-help-en,28650461,.379500
libreoffice-calc,28182071,.373300
qt6-qtbase-gui,27918068,.369800
anthy-unicode,27676735,.366600
gstreamer1-plugins-bad-free,27092615,.358800
libvirt-libs,26395279,.349600
qemu-system-aarch64-core,25898940,.343000
amd-gpu-firmware,25734929,.340900
gnome-backgrounds,25515937,.338000
qt5-qtbase-gui,25362862,.335900
systemd,25266842,.334700
libgs,25210282,.333900
qemu-user-static-xtensa,24442756,.323700
util-linux,24403609,.323200
gnome-control-center,23842064,.315800
libgweather4,23411205,.310100
httpd-core,23065600,.305500
openblas-openmp,23020540,.304900
atheros-firmware,22857583,.302700
sane-backends-drivers-cameras,22602345,.299400
gtk3,22340629,.295900
git-core,21835859,.289200
coreutils,21788178,.288600
mythes-en,21736328,.287900
qemu-user-static-ppc,21587632,.285900
javascriptcoregtk4.1,21435918,.283900
javascriptcoregtk6.0,21433076,.283900
sane-backends-drivers-scanners,21193080,.280700
gtk4,21179849,.280500
samba-client-libs,20965212,.277700
qt5-qtdeclarative,20565955,.272400
qemu-user-static-aarch64,20149926,.266900
iptables-libs,20141226,.266800
iso-codes,19327204,.256000
systemd-udev,18914438,.250500
selinux-policy-targeted,18827831,.249400
libphonenumber,18438116,.244200
podman-gvproxy,18053942,.239100
brltty,17581820,.232900
git-core-doc,17251475,.228500
qemu-user-static-sparc,17240888,.228300
orca,16868937,.223400
gstreamer1-plugins-good,16715798,.221400
evolution-data-server,15931110,.211000
glib2,15926097,.210900
docker-ce-rootless-extras,15457264,.204700
gegl04,15356175,.203400
adobe-mappings-cmap,15045977,.199300
python3-pip,14998608,.198600
cups,14811921,.196200
qemu-user-static-arm,14799275,.196000
nautilus,14617256,.193600
selinux-policy-devel,14553009,.192700
rhythmbox,14543347,.192600
pipewire-libs,14453700,.191400
qemu-user-static-riscv,14244292,.188600
mutter,14210579,.188200
lpcnetfreedv,14172419,.187700
gdb-headless,14142804,.187300
appstream-data,13916829,.184300
capstone,13649471,.180800
anaconda-core,13280677,.175900
libreoffice-writer,13181626,.174600
espeak-ng,13125654,.173800
abseil-cpp,13081047,.173200
gstreamer1-plugins-base,13036397,.172600
poppler-data,12947088,.171500
qemu-user-static-x86,12942986,.171400
ModemManager,12813692,.169700
mesa-va-drivers,12702865,.168200
qt6-qtbase,12699624,.168200
liblouis,12603677,.166900
gnome-shell,12554276,.166300
gnupg2,12421367,.164500
mozjs102,12279757,.162600
adwaita-cursor-theme,12103345,.160300
libreoffice-ure,12052436,.159600
gnome-software,12000977,.158900
qt5-qtbase,11948145,.158200
libnl3-cli,11806757,.156400
pam,11723249,.155200
f38-backgrounds-base,11681192,.154700
perl-Encode,11422234,.151300
coreutils-common,11297071,.149600
qemu-user-static-sh4,11184238,.148100
zenity,11181059,.148100
qemu-user-static-microblaze,11073820,.146600
librados2,10840764,.143600
google-noto-emoji-color-fonts,10768525,.142600
qemu-img,10723549,.142000
libgphoto2,10711197,.141800
librbd1,10689931,.141600
tracker-miners,10486641,.138900
evince,10456048,.138500
perl-libs,10369455,.137300
flexiblas-netlib,10239511,.135600
file-libs,10158873,.134500
NetworkManager-libnm,10140481,.134300
brcmfmac-firmware,9988222,.132300
glibc,9985332,.132200
qt5-qtquickcontrols2,9947102,.131700
cracklib-dicts,9725179,.128800
sssd-common,9717380,.128700
qt5-qtwayland,9425581,.124800
qt6-qtwayland,9393116,.124400
gnome-settings-daemon,9322177,.123400
hwdata,9241993,.122400
gnome-terminal,9139591,.121000
netavark,9112864,.120700
totem,9057382,.119900
python3-setuptools,8919455,.118100
libavcodec-free,8761302,.116000
bash,8697516,.115200
intel-gpu-firmware,8652099,.114600
evolution-data-server-langpacks,8633883,.114300
qemu-user-static-hexagon,8562994,.113400
ibus-anthy,8479181,.112300
eog,7987933,.105800
grub2-tools,7853472,.104000
freerdp-libs,7806131,.103400
fwupd,7680683,.101700
open-vm-tools,7668499,.101500
mt7xxx-firmware,7532461,.099700
toolbox,7433194,.098400
shadow-utils,7422859,.098300
gnome-calculator,7404193,.098000
opensc,7396201,.097900
openssl-libs,7350122,.097300
gnome-disk-utility,7212424,.095500
e2fsprogs,7196284,.095300
NetworkManager,7103281,.094000
gstreamer1,7042034,.093200
glusterfs,6991065,.092600
libhangul,6969987,.092300
rygel,6921244,.091600
xkeyboard-config,6882554,.091100
flatpak,6741609,.089300
gdm,6712596,.088900
gnome-boxes,6701269,.088700
btrfs-progs,6688361,.088500
system-config-printer-libs,6569152,.087000
google-droid-sans-fonts,6554442,.086800
grub2-tools-extra,6529620,.086400
wpa_supplicant,6465829,.085600
babl,6404695,.084800
libtimezonemap,6388395,.084600
sudo,6351586,.084100
libmwaw,6342174,.084000
python3-policycoreutils,6250397,.082700
util-linux-core,6182485,.081800
qemu-user-static-s390x,6109800,.080900
kernel-headers,6105382,.080800
grub2-efi-aa64,6097447,.080700
grub2-efi-aa64-cdboot,6096364,.080700
glibc-langpack-en,5974818,.079100
python3-lxml,5963650,.078900
spirv-tools-libs,5950658,.078800
cups-filters,5925636,.078400
ipp-usb,5911910,.078300
qemu-user-static-m68k,5839107,.077300
gtkmm3.0,5782257,.076500
lua-posix,5712481,.075600
qemu-user-static-hppa,5677092,.075200
xorg-x11-server-Xorg,5661761,.074900
qemu-user-static-alpha,5599048,.074100
device-mapper-multipath-libs,5591811,.074000
xfsprogs,5571926,.073800
libqmi,5570949,.073700
qemu-user-static-loongarch64,5549022,.073500
gnome-system-monitor,5535202,.073300
python3-crypto,5533567,.073300
qemu-user-static-cris,5532401,.073200
qemu-user-static-or1k,5515083,.073000
grub2-common,5484886,.072600
bluez,5458777,.072300
qemu-user-static-nios2,5441980,.072000
gtksourceview5,5437046,.072000
openexr-libs,5420441,.071800
shared-mime-info,5415413,.071700
kbd,5401257,.071500
grilo-plugins,5365307,.071000
suitesparse,5283101,.069900
clutter,5282738,.069900
groff-base,5272932,.069800
fedora-workstation-backgrounds,5257885,.069600
gsettings-desktop-schemas,5139411,.068000
nm-connection-editor,5121780,.067800
ibus-typing-booster,5121212,.067800
tcl,5118281,.067800
nvme-cli,5095306,.067400
libxcb,5082054,.067300
gnome-keyring,4983782,.066000
simple-scan,4970557,.065800
python3-cryptography,4969758,.065800
words,4959394,.065600
gnome-maps,4959385,.065600
elfutils,4920474,.065100
tslib,4879780,.064600
python3-libdnf,4845440,.064100
cups-ipptool,4842922,.064100
PackageKit,4778946,.063300
gtksourceview4,4769317,.063100
ntfsprogs,4758138,.063000
libuser,4742580,.062800
colord,4739194,.062700
exiv2,4698119,.062200
man-db,4647264,.061500
adobe-mappings-pdf,4600301,.060900
python3-blivet,4585144,.060700
nfs-utils,4570720,.060500
bind-libs,4566743,.060400
librsvg2,4515170,.059800
libreoffice-xsltfilter,4509049,.059700
nss-softokn,4476163,.059200
gvfs-client,4463431,.059100
highcontrast-icon-theme,4451308,.058900
alsa-utils,4439809,.058800
gnome-desktop3,4432308,.058700
julietaula-montserrat-fonts,4354816,.057600
tpm2-tss,4349990,.057600
python3-pillow,4349039,.057600
abrt,4346929,.057500
gawk,4341610,.057500
libavfilter-free,4329710,.057300
openssl-devel,4322313,.057200
openconnect,4200190,.055600
gavl,4187393,.055400
gnome-photos,4175520,.055300
lvm2,4132851,.054700
tesseract-langpack-eng,4113088,.054400
libibverbs,4093875,.054200
procps-ng,4079323,.054000
gnome-color-manager,4036231,.053400
geolite2-country,4033110,.053400
iproute,4014014,.053100
poppler,4012761,.053100
pulseaudio-libs,3988103,.052800
ppp,3977938,.052600
gdouros-symbola-fonts,3966348,.052500
grub2-tools-minimal,3925874,.052000
lvm2-libs,3924729,.051900
shim-aa64,3897411,.051600
rpm,3835115,.050800
glusterfs-client-xlators,3814060,.050500
gnome-characters,3782470,.050100
iptables-nft,3776325,.050000
pipewire-utils,3765571,.049800
bison,3765333,.049800
libselinux-utils,3677300,.048700
qt5-qtxmlpatterns,3649783,.048300
source-highlight,3647148,.048300
folks,3641386,.048200
sos,3638074,.048100
svt-av1-libs,3629298,.048000
NetworkManager-openconnect,3604436,.047700
gvfs,3586619,.047500
wireplumber-libs,3574914,.047300
krb5-libs,3565562,.047200
osinfo-db,3517694,.046500
gnutls,3493453,.046200
google-noto-serif-vf-fonts,3474483,.046000
appstream,3461985,.045800
epiphany-runtime,3455883,.045700
wget,3421025,.045300
leptonica,3408729,.045100
libaom,3405493,.045100
protobuf,3401467,.045000
stix-fonts,3383246,.044800
sane-backends,3379662,.044700
tigervnc-server-minimal,3373381,.044600
libreoffice-data,3353956,.044400
python3-paste,3333998,.044100
ibus-libpinyin,3326392,.044000
net-snmp-libs,3323749,.044000
glibmm2.4,3301177,.043700
cyrus-sasl-lib,3252954,.043000
tar,3245201,.042900
tesseract,3230952,.042700
python3-kickstart,3196705,.042300
nano,3188068,.042200
anaconda-gui,3160289,.041800
binutils-gold,3156947,.041800
libshaderc,3138977,.041500
libldb,3080243,.040800
lttng-ust,3050710,.040400
gdk-pixbuf2,3029479,.040100
openssh-clients,3011436,.039800
parted,2987071,.039500
libvirt-daemon-driver-qemu,2963946,.039200
exiv2-libs,2923794,.038700
gnome-session,2919609,.038600
python3-firewall,2917456,.038600
policycoreutils,2892457,.038300
man-pages,2880537,.038100
udisks2,2872606,.038000
cheese-libs,2863770,.037900
device-mapper-persistent-data,2848581,.037700
mediawriter,2847241,.037700
libstdc++,2844036,.037600
net-tools,2834876,.037500
ipxe-roms-qemu,2829789,.037400
python3-dnf,2821144,.037300
libvirt-daemon,2811969,.037200
google-carlito-fonts,2772190,.036700
libexif,2750872,.036400
libavformat-free,2745448,.036300
qpdf-libs,2736857,.036200
gnome-online-accounts,2736662,.036200
poppler-utils,2715934,.035900
python3-setools,2709971,.035800
libreport,2700390,.035700
xdg-desktop-portal,2700374,.035700
LibRaw,2689630,.035600
libetonyek,2677749,.035400
harfbuzz,2673642,.035400
qemu-common,2663569,.035200
ctags,2634423,.034800
glibc-common,2615552,.034600
libcdio,2610752,.034500
fontconfig,2601858,.034400
kbd-misc,2598925,.034400
samba-client,2592793,.034300
libadwaita,2544228,.033700
gts,2518581,.033300
urw-base35-nimbus-sans-fonts,2505850,.033100
python3-simpleaudio,2495868,.033000
libreoffice-ure-common,2469703,.032700
libwnck3,2468410,.032600
xorg-x11-server-Xwayland,2444351,.032300
systemd-libs,2443416,.032300
gnome-initial-setup,2438682,.032300
yelp,2435666,.032200
dnf,2422706,.032000
libreoffice-gtk3,2416762,.032000
gcr3,2408887,.031900
libical,2400390,.031700
tracker,2396752,.031700
ca-certificates,2395522,.031700
realtek-firmware,2387434,.031600
libstaroffice,2387008,.031600
systemd-networkd,2369758,.031300
libvpx,2367310,.031300
gnome-contacts,2364386,.031300
ncurses-libs,2355175,.031100
systemd-container,2350755,.031100
aardvark-dns,2337848,.030900
bind-utils,2317304,.030600
clucene-core,2301374,.030400
jomolhari-fonts,2297766,.030400
libxml2,2293216,.030300
openvpn,2280037,.030200
python3-regex,2271367,.030000
glibc-devel,2264925,.030000
cryptsetup-libs,2238854,.029600
rpm-sequoia,2219454,.029400
libreoffice-gtk4,2215786,.029300
dhcp-client,2213752,.029300
liblangtag-data,2208885,.029200
gdk-pixbuf2-modules,2208401,.029200
gnome-text-editor,2206845,.029200
diffutils,2203202,.029100
evince-libs,2193609,.029000
iscsi-initiator-utils,2189216,.028900
open-sans-fonts,2185780,.028900
python3-chardet,2183178,.028900
p11-kit,2181723,.028900
libreoffice-pyuno,2179173,.028800
firewalld,2150708,.028400
libv4l,2148377,.028400
nss,2142284,.028300
mariadb-connector-c,2133880,.028200
gnome-calendar,2127498,.028100
gutenprint-cups,2120685,.028000
libreoffice-impress,2118943,.028000
m17n-db,2108526,.027900
rav1e-libs,2103001,.027800
SDL2,2102853,.027800
checkpolicy,2102384,.027800
quota,2093757,.027700
gcr-libs,2080295,.027500
rubberband,2076652,.027500
libdnf,2068197,.027300
libgdata,2067469,.027300
pango,2065088,.027300
libwps,2054369,.027200
liborcus,2041840,.027000
zvbi,2038721,.027000
mpfr,2035717,.026900
cogl,2035453,.026900
gst-editing-services,2020188,.026700
gnutls-utils,2006157,.026500
audit,2004011,.026500
fwupd-plugin-uefi-capsule-data,2000096,.026400
cairo,1998742,.026400
libical-glib,1984859,.026200
openssh,1972540,.026100
libunistring,1960989,.025900
libunistring1.0,1959651,.025900
alsa-lib,1934816,.025600
at-spi2-core,1928878,.025500
pcsc-lite-ccid,1913795,.025300
iwlwifi-dvm-firmware,1907774,.025200
make,1899735,.025100
libdb,1889950,.025000
djvulibre-libs,1887192,.024900
adobe-source-code-pro-fonts,1886539,.024900
psmisc,1854629,.024500
dracut,1834194,.024200
gjs,1833761,.024200
libosinfo,1817109,.024000
libappstream-glib,1812317,.024000
tpm2-tools,1811517,.023900
libnl3,1808583,.023900
gnome-tour,1807576,.023900
libglvnd,1787422,.023600
baobab,1780137,.023500
flashrom,1773631,.023400
grilo,1770358,.023400
mdevctl,1760660,.023300
vim-minimal,1759437,.023300
genisoimage,1756743,.023200
ncurses,1754110,.023200
libjxl,1745804,.023100
kexec-tools,1743072,.023000
gnome-clocks,1739327,.023000
fedora-logos,1739240,.023000
tcpdump,1737336,.023000
libinput,1735990,.022900
openssl,1735716,.022900
ModemManager-glib,1735484,.022900
findutils,1733750,.022900
userspace-rcu,1715566,.022700
tzdata,1712794,.022600
NetworkManager-openvpn,1703505,.022500
sssd-client,1697914,.022400
criu,1687795,.022300
exempi,1687117,.022300
texlive-lib,1679276,.022200
adwaita-icon-theme,1671942,.022100
libtracker-sparql,1665179,.022000
liberation-sans-fonts,1662268,.022000
libsamplerate,1647254,.021800
sil-padauk-fonts,1645551,.021700
python3-gpg,1629235,.021500
ladspa,1627364,.021500
libdrm,1627173,.021500
hunspell,1623245,.021500
xmlrpc-c,1622771,.021400
libcupsfilters,1618706,.021400
fftw-libs-double,1618061,.021400
cups-client,1614975,.021300
libgpod,1614620,.021300
libdazzle,1602983,.021200
blivet-gui-runtime,1597053,.021100
libevent,1595946,.021100
augeas-libs,1569072,.020700
urw-base35-p052-fonts,1557220,.020600
spice-glib,1555374,.020600
libopenmpt,1548718,.020500
libasan,1547838,.020500
python3-cffi,1542500,.020400
python-pip-wheel,1538542,.020300
libgfortran,1529502,.020200
liberation-serif-fonts,1528653,.020200
libvirt-daemon-driver-storage-core,1519465,.020100
unbound-libs,1517907,.020100
libwinpr,1514562,.020000
libhandy,1513262,.020000
libepoxy,1507708,.019900
sqlite-libs,1498098,.019800
libsoup,1497785,.019800
python3-langtable,1497040,.019800
hplip-libs,1482350,.019600
open-vm-tools-desktop,1475901,.019500
python3-beautifulsoup4,1466041,.019400
hplip-common,1466027,.019400
libcanberra,1465167,.019400
mbedtls,1465063,.019400
urw-base35-c059-fonts,1460518,.019300
yelp-xsl,1444364,.019100
iproute-tc,1443611,.019100
xz,1443230,.019100
avahi,1442154,.019100
libbabeltrace,1440253,.019000
codec2,1439463,.019000
roc-toolkit,1437771,.019000
iputils,1435210,.019000
libcap,1432119,.018900
cifs-utils,1430974,.018900
urw-base35-nimbus-roman-fonts,1429732,.018900
ostree,1428915,.018900
xorg-x11-drv-wacom,1428650,.018900
urw-base35-bookman-fonts,1428570,.018900
perl-Net-SSLeay,1418956,.018700
polkit,1412912,.018700
gstreamer1-plugins-ugly-free,1412453,.018700
libX11,1407852,.018600
gnome-font-viewer,1407813,.018600
google-noto-sans-vf-fonts,1404226,.018600
lpsolve,1403805,.018500
libglvnd-glx,1399078,.018500
taglib,1392942,.018400
p11-kit-server,1390657,.018400
gawk-all-langpacks,1389907,.018400
abrt-addon-ccpp,1369926,.018100
gettext-libs,1345224,.017800
lame-libs,1344847,.017800
libreoffice-graphicfilter,1342850,.017700
libvirt-client,1338446,.017700
plymouth,1334381,.017600
tmux,1329376,.017600
fprintd,1327481,.017500
spice-server,1327215,.017500
libvorbis,1326069,.017500
glib-networking,1323261,.017500
colord-libs,1323128,.017500
brasero-libs,1322040,.017500
dbus-daemon,1316308,.017400
lksctp-tools,1310127,.017300
nftables,1305067,.017200
brlapi,1298392,.017100
gamemode,1296086,.017100
libwebp,1295293,.017100
libcmis,1283945,.017000
libsoup3,1274804,.016800
kernel-modules-extra,1274304,.016800
kernel-modules-extra,1272872,.016800
libnma,1272628,.016800
psacct,1267219,.016700
libheif,1263791,.016700
nvidia-gpu-firmware,1262393,.016700
libgsf,1261662,.016700
libqmi-utils,1261657,.016700
gnome-bluetooth-libs,1256790,.016600
libvncserver,1247970,.016500
zxing-cpp,1246311,.016500
nss-mdns,1245135,.016400
httpd-tools,1242639,.016400
openssh-server,1241872,.016400
python3-systemd,1240914,.016400
exfatprogs,1232654,.016300
zeromq,1224528,.016200
gnome-connections,1223172,.016200
systemd-pam,1217933,.016100
urw-base35-gothic-fonts,1216723,.016100
libmbim,1212276,.016000
cpio,1211102,.016000
libX11-common,1208298,.016000
liberation-mono-fonts,1205335,.015900
libudisks2,1196768,.015800
usermode,1196081,.015800
libbrotli,1194674,.015800
rasqal,1190949,.015700
elfutils-libelf,1183265,.015600
zip,1176103,.015500
libgcrypt,1175802,.015500
wavpack,1173022,.015500
libgpg-error,1168182,.015400
python3-dnf-plugins-core,1164013,.015400
redland,1163424,.015400
NetworkManager-vpnc,1162652,.015400
libva,1159923,.015300
orc,1157798,.015300
qemu-pr-helper,1153703,.015200
gnome-remote-desktop,1151279,.015200
libpwquality,1149930,.015200
gupnp-dlna,1149714,.015200
catatonit,1145869,.015100
ostree-libs,1145702,.015100
qemu-guest-agent,1142659,.015100
mdadm,1138807,.015000
gdisk,1138565,.015000
qt6-qtsvg,1138553,.015000
python3-click,1132298,.014900
hunspell-en,1128580,.014900
grep,1120983,.014800
authselect-libs,1113336,.014700
NetworkManager-pptp,1112300,.014700
gnome-logs,1103903,.014600
urw-base35-nimbus-mono-ps-fonts,1100338,.014500
mpg123-libs,1094780,.014500
vapoursynth-libs,1085130,.014300
libtpms,1084638,.014300
gobject-introspection,1084237,.014300
libgnomekbd,1078684,.014200
libgee,1075071,.014200
realmd,1071074,.014100
xorg-x11-fonts-ISO8859-1-100dpi,1070851,.014100
flatpak-libs,1064526,.014100
libarchive,1063240,.014000
libvirt-daemon-driver-network,1053874,.013900
bash-completion,1053043,.013900
librevenge,1052901,.013900
bcache-tools,1037727,.013700
openldap,1035939,.013700
sssd-ipa,1035146,.013700
swtpm-tools,1029961,.013600
pulseaudio-utils,1029832,.013600
dos2unix,1028693,.013600
libnfsidmap,1018491,.013400
libsolv,1013266,.013400
pipewire-jack-audio-connection-kit-libs,1005429,.013300
gcr3-base,1004474,.013300
libstemmer,1004300,.013300
libmodulemd,1004112,.013300
m17n-lib,995132,.013100
libtomcrypt,995053,.013100
ibus-libs,985290,.013000
qgnomeplatform-qt5,980767,.012900
libgtop2,976942,.012900
python3-urllib3,974607,.012900
nettle,969166,.012800
flex,968909,.012800
freetype,966335,.012800
sed,965343,.012700
libcdr,963039,.012700
zram-generator,962217,.012700
elfutils-libs,961637,.012700
libthai,958342,.012600
cracklib,957843,.012600
libfprint,957748,.012600
libnice,957592,.012600
nss-softokn-freebl,952958,.012600
duktape,951504,.012600
qt5-qtgraphicaleffects,950835,.012500
srt-libs,946226,.012500
cups-libs,946022,.012500
qemu-virtiofsd,943829,.012500
libdav1d,942335,.012400
qemu-device-display-vhost-user-gpu,937405,.012400
python3-pyyaml,932150,.012300
libglusterfs0,928664,.012300
python3-gobject-base-noarch,928244,.012200
python3-dateutil,927214,.012200
ibus-anthy-python,927128,.012200
libvirt-daemon-driver-nwfilter,917459,.012100
curl,906688,.012000
libplacebo,906091,.012000
vamp-plugin-sdk,903084,.011900
libnumbertext,897989,.011800
libsepol,895635,.011800
lua,892493,.011800
libavutil-free,891116,.011800
libsecret,889968,.011700
python3-pycparser,888298,.011700
libxslt,886575,.011700
rpm-libs,885732,.011700
osinfo-db-tools,885423,.011700
python-systemd-doc,881444,.011600
python-setuptools-wheel,880927,.011600
python3-libreport,880287,.011600
libtheora,875174,.011500
libwpd,873902,.011500
gc,872928,.011500
libtiff,871049,.011500
pcre2,863002,.011400
chrony,858296,.011300
raptor2,855905,.011300
squashfs-tools,852592,.011200
dosfstools,852207,.011200
oniguruma,850549,.011200
libvirt-daemon-driver-nodedev,850515,.011200
libvirt-daemon-driver-interface,850065,.011200
libvirt-daemon-driver-secret,849851,.011200
libodfgen,848198,.011200
enchant2,844246,.011100
dconf,841138,.011100
dbus-tools,839580,.011100
rsync,836146,.011000
dnsmasq,835940,.011000
qgnomeplatform-qt6,834740,.011000
upower,831674,.011000
ethtool,829223,.010900
libao,827415,.010900
libmtp,822205,.010800
less,819531,.010800
vte291,819377,.010800
gpgme,817898,.010800
libzstd,815830,.010800
deltarpm,815780,.010800
geoclue2,815356,.010800
volume_key-libs,813547,.010700
xmlsec1,810774,.010700
highway,809906,.010700
xdg-desktop-portal-gnome,809773,.010700
boost-locale,808465,.010700
avahi-tools,806632,.010600
python3-libselinux,806554,.010600
efivar-libs,806426,.010600
glx-utils,803990,.010600
webrtc-audio-processing,802926,.010600
libppd,796017,.010500
gettext-runtime,795171,.010500
wireplumber,794178,.010500
glusterfs-fuse,792864,.010500
gnome-desktop4,790199,.010400
jemalloc,789039,.010400
e2fsprogs-libs,782559,.010300
python3-dbus,779799,.010300
libreoffice-pdfimport,776280,.010200
xorg-x11-drv-ati,771844,.010200
cryptsetup,769147,.010100
antiword,768856,.010100
pcre,764868,.010100
xvidcore,763279,.010100
flac-libs,760471,.010000
nspr,759808,.010000
gnupg2-smime,756017,.010000
gnome-menus,753805,.009900
NetworkManager-openvpn-gnome,752855,.009900
bluez-obexd,751840,.009900
python3-mako,751194,.009900
fuse,749559,.009900
unzip,745787,.009800
libadwaita-qt6,740308,.009800
gmp,739335,.009700
python3-pycurl,738336,.009700
setup,737479,.009700
pixman,736375,.009700
gnome-weather,735518,.009700
gnome-abrt,733049,.009700
lsof,731078,.009600
acl,722543,.009500
libusal,722122,.009500
systemd-resolved,721185,.009500
sssd-ad,718618,.009500
libwsman1,716115,.009400
xdg-desktop-portal-gtk,714942,.009400
teamd,709219,.009300
libsndfile,707488,.009300
attr,707309,.009300
ntfs-3g,707157,.009300
readline,706957,.009300
plocate,703781,.009300
libpinyin,700704,.009200
libvisio,694947,.009200
redhat-menus,688500,.009100
python3-gobject-base,686423,.009000
m4,685590,.009000
python3-unbound,684622,.009000
fribidi,684568,.009000
liblangtag,678726,.008900
mesa-libGL,677273,.008900
poppler-glib,675836,.008900
p11-kit-trust,672975,.008900
fdk-aac-free,671840,.008800
bolt,671499,.008800
virglrenderer,670946,.008800
usbutils,670190,.008800
libadwaita-qt5,669752,.008800
plymouth-core-libs,669196,.008800
libglvnd-gles,667410,.008800
pcre2-utf16,662432,.008700
lvm2-dbusd,660121,.008700
libidn2,659073,.008700
desktop-file-utils,654195,.008600
cups-browsed,653841,.008600
libcdio-paranoia,650417,.008600
jq,649453,.008600
device-mapper,644888,.008500
speexdsp,644529,.008500
netpbm,644150,.008500
json-glib,642028,.008500
libexttextcat,641298,.008400
perl-IO-Socket-SSL,640133,.008400
keyutils,636718,.008400
libplist,634486,.008400
libblkio,633192,.008300
python3-pexpect,631656,.008300
satyr,631338,.008300
dbus-broker,630364,.008300
avahi-libs,630310,.008300
mod_http2,629823,.008300
libatasmart,629399,.008300
ibus-m17n,627527,.008300
libreoffice-x11,627353,.008300
PackageKit-glib,626368,.008200
distribution-gpg-keys,625734,.008200
cyrus-sasl,624691,.008200
pam-libs,622895,.008200
libunwind,620276,.008200
google-noto-sans-arabic-vf-fonts,620084,.008200
perl-B,620062,.008200
gcr,619176,.008200
totem-pl-parser,616384,.008100
uchardet,614967,.008100
mtools,614774,.008100
NetworkManager-openconnect-gnome,614649,.008100
NetworkManager-vpnc-gnome,614598,.008100
yajl,613488,.008100
NetworkManager-pptp-gnome,613290,.008100
libcurl-minimal,611966,.008100
libxkbcommon,611882,.008100
abrt-addon-kerneloops,610243,.008000
passwd,609815,.008000
passwdqc-utils,609345,.008000
libbs2b,607473,.008000
sord,604910,.008000
woff2,604872,.008000
plymouth-graphics-libs,603251,.007900
trousers-lib,601395,.007900
libcanberra-gtk3,601234,.007900
libwacom-data,600512,.007900
libzhuyin,598564,.007900
python3-ply,598325,.007900
pcre2-utf32,596816,.007900
adobe-mappings-cmap-deprecated,596045,.007800
libssh,595349,.007800
libjpeg-turbo,594733,.007800
nmap-ncat,592152,.007800
python3-cairo,590972,.007800
anaconda-user-help,590937,.007800
google-noto-sans-math-fonts,590641,.007800
dmraid-libs,585575,.007700
google-noto-sans-mono-vf-fonts,578754,.007600
python3-audit,574848,.007600
perl-Pod-Simple,570852,.007500
hunspell-en-US,570772,.007500
hfsplus-tools,569954,.007500
crun,566973,.007500
libvirt-gconfig,566196,.007500
libvisual,565445,.007400
at-spi2-atk,565311,.007400
fuse-libs,563726,.007400
opencore-amr,563373,.007400
libe-book,561856,.007400
kbd-legacy,560926,.007400
audit-libs,560921,.007400
vulkan-loader,559010,.007400
libgomp,558898,.007400
js-jquery,557998,.007300
libepubgen,556799,.007300
hunspell-en-GB,556242,.007300
libXt,555529,.007300
conmon,555009,.007300
libubsan,551568,.007300
libfreehand,549795,.007200
gnome-shell-extension-common,545876,.007200
libnfs,543635,.007200
isns-utils-libs,540762,.007100
expat,540581,.007100
mesa-libglapi,538176,.007100
abattis-cantarell-fonts,537952,.007100
libksba,535498,.007000
yelp-libs,535494,.007000
libglvnd-opengl,534330,.007000
malcontent,533050,.007000
libdmapsharing4,530547,.007000
gutenprint-libs,530506,.007000
python3-idna,529571,.007000
passt,529137,.007000
gd,528875,.007000
libxmlb,528362,.006900
dbus-glib,527568,.006900
device-mapper-libs,524681,.006900
python3-beaker,523231,.006900
mobile-broadband-provider-info,521810,.006900
python3-hawkey,521429,.006900
google-noto-sans-ethiopic-vf-fonts,518425,.006800
imath,517606,.006800
NetworkManager-ssh,515985,.006800
clucene-contribs-lib,515162,.006800
libmbim-utils,511879,.006700
pipewire,511092,.006700
vpnc,508950,.006700
graphite2,508935,.006700
python3-simpleline,508850,.006700
libmpeg2,507149,.006700
libfdisk,507123,.006700
libbluray,506425,.006700
sssd-krb5-common,505537,.006600
libnvme,505370,.006600
anaconda-tui,502423,.006600
libpcap,502234,.006600
dbus-libs,501411,.006600
fmt,501410,.006600
libbsd,497745,.006500
pciutils,496879,.006500
libiptcdata,496485,.006500
lcms2,496333,.006500
sushi,495042,.006500
bc,493854,.006500
python3-requests,493806,.006500
libswscale-free,493068,.006500
libuv,488929,.006400
gzip,487637,.006400
libmspub,487043,.006400
openjpeg2,485352,.006400
ntfs-3g-libs,485240,.006400
mtr,484961,.006400
python3-pyOpenSSL,484475,.006400
libpeas,483653,.006400
zimg,483420,.006400
accountsservice,483122,.006300
cups-pk-helper,482311,.006300
gssproxy,480240,.006300
glusterfs-cli,479834,.006300
dleyna-server,479298,.006300
liblouisutdml,479173,.006300
pipewire-pulseaudio,479034,.006300
SDL2_image,476508,.006300
soundtouch,476266,.006300
python3-libsemanage,475950,.006300
soxr,475592,.006300
gstreamer1-plugin-libav,475520,.006200
blivet-data,475260,.006200
gnome-user-share,474734,.006200
librdmacm,474526,.006200
jasper-libs,472882,.006200
paktype-naskh-basic-fonts,471906,.006200
gvfs-afp,471764,.006200
sound-theme-freedesktop,471450,.006200
libbpf,470308,.006200
python3-pyxdg,469381,.006200
gpgmepp,468805,.006200
fuse3,467354,.006100
rtkit,465650,.006100
trousers,465215,.006100
libXmu,459325,.006000
gspell,458740,.006000
python3-pyatspi,454141,.006000
rest,453999,.006000
spice-vdagent,452809,.005900
iio-sensor-proxy,452193,.005900
ima-evm-utils,450351,.005900
python3-pyparted,449956,.005900
atmel-firmware,449131,.005900
jbigkit-libs,448919,.005900
libjcat,448680,.005900
gupnp-av,448130,.005900
libnotify,447269,.005900
openssl-pkcs11,445782,.005900
libblockdev,445631,.005900
gnome-autoar,442170,.005800
adcli,442072,.005800
libreoffice-opensymbol-fonts,441905,.005800
cheese,439564,.005800
bzip2,438549,.005800
libdmapsharing,436926,.005700
polkit-pkla-compat,436637,.005700
sssd-proxy,436485,.005700
libnma-gtk4,436018,.005700
gdbm-libs,436010,.005700
libmaxminddb,435990,.005700
gsound,434942,.005700
libshout,434520,.005700
abrt-gui,432331,.005700
atkmm,431862,.005700
python3-dasbus,431416,.005700
gdb,431218,.005700
libmount,430149,.005600
liburing,429953,.005600
efibootmgr,429783,.005600
lrzsz,429669,.005600
lockdev,429541,.005600
policycoreutils-devel,429224,.005600
usbredir,429169,.005600
libteam,429100,.005600
libndp,428977,.005600
libaio,428597,.005600
libutempter,428353,.005600
openpgm,427280,.005600
libcap-ng,426396,.005600
adwaita-qt5,426371,.005600
polkit-libs,426044,.005600
libieee1284,424791,.005600
libqxp,422491,.005500
httpd,422409,.005500
libmodplug,421117,.005500
isomd5sum,420711,.005500
abrt-java-connector,420241,.005500
serd,419369,.005500
rpcbind,418555,.005500
libwacom,416752,.005500
libgfapi0,414656,.005400
libldac,412877,.005400
inih,412529,.005400
dleyna-renderer,411644,.005400
libXfont2,411107,.005400
libxcrypt,409077,.005400
abrt-addon-xorg,407794,.005400
libdecor,407016,.005300
elfutils-debuginfod-client,406834,.005300
libreport-gtk,406053,.005300
pipewire-alsa,405966,.005300
mesa-libEGL,404951,.005300
spice-gtk3,404450,.005300
shadow-utils-subid,404378,.005300
gvfs-goa,404049,.005300
cdparanoia-libs,403942,.005300
gvfs-gphoto2,403815,.005300
gvfs-mtp,403708,.005300
xcb-util-wm,403675,.005300
gvfs-afc,403594,.005300
lua-libs,403171,.005300
NetworkManager-wwan,402990,.005300
gvfs-smb,402516,.005300
NetworkManager-wifi,402166,.005300
cyrus-sasl-plain,401982,.005300
opus,401862,.005300
NetworkManager-ppp,401752,.005300
libvirt-daemon-driver-storage-gluster,401282,.005300
libblockdev-utils,400970,.005300
adwaita-qt6,400147,.005300
urw-base35-z003-fonts,400137,.005300
python3-enchant,399555,.005200
xmlsec1-openssl,399354,.005200
ndctl,396465,.005200
gupnp,392991,.005200
pinfo,390513,.005100
libreoffice-ogltrans,386378,.005100
libgexiv2,385946,.005100
xdg-user-dirs-gtk,385782,.005100
c-ares,385190,.005100
python3-cups,384290,.005000
swtpm,382387,.005000
lv2,382223,.005000
perl-Storable,380586,.005000
ibus-hangul,375570,.004900
braille-printer-app,375552,.004900
apr,373965,.004900
libsemanage,373854,.004900
xorg-x11-drv-amdgpu,373645,.004900
game-music-emu,372207,.004900
pinentry,370735,.004900
pangomm,370210,.004900
sssd-common-pac,370032,.004900
libmanette,369033,.004800
atk,368726,.004800
python3-brlapi,368380,.004800
usb_modeswitch,366033,.004800
google-noto-sans-sinhala-vf-fonts,363228,.004800
libsane-airscan,363125,.004800
fuse3-libs,362972,.004800
libabw,362194,.004700
sg3_utils-libs,361589,.004700
perl-PathTools,359765,.004700
bluez-libs,358984,.004700
libgcc,358140,.004700
sssd-ldap,356976,.004700
python3-pyudev,356650,.004700
sssd-kcm,355417,.004700
nss-util,354656,.004600
python3-packaging,354552,.004600
libshumate,354192,.004600
whois,353253,.004600
libedit,352790,.004600
lohit-telugu-fonts,351062,.004600
libfido2,350375,.004600
iw,349744,.004600
tzdata-java,349630,.004600
gtk-vnc2,348321,.004600
libgcab1,348081,.004600
xdg-user-dirs,346992,.004500
python3-productmd,346389,.004500
ibus-setup,342877,.004500
libpng,342711,.004500
libssh2,341396,.004500
boost-regex,339216,.004400
perl-IO,337687,.004400
mpdecimal,337511,.004400
gvnc,336783,.004400
os-prober,335000,.004400
libsodium,334323,.004400
gstreamer1-plugins-good-qt,334002,.004400
clutter-gst3,333389,.004400
dhcp-common,333357,.004400
perl-POSIX,333070,.004400
python3-meh,329636,.004300
alsa-ucm,327411,.004300
kmod,324433,.004200
crypto-policies-scripts,323849,.004200
python3-charset-normalizer,321531,.004200
ncurses-base,321488,.004200
xdg-utils,320636,.004200
openfec,319141,.004200
python3-olefile,317908,.004200
libwpg,317142,.004200
python3-soupsieve,316268,.004100
perl-podlators,315480,.004100
gom,315130,.004100
authselect,314863,.004100
ndctl-libs,312147,.004100
libgxps,312119,.004100
aajohan-comfortaa-fonts,310717,.004100
jbig2dec-libs,308611,.004000
qrencode-libs,308500,.004000
xorg-x11-xinit,308177,.004000
libvirt-gobject,307288,.004000
perl-interpreter,307102,.004000
libiscsi,306751,.004000
zlib,306235,.004000
libxkbfile,304407,.004000
kasumi-unicode,302670,.004000
libimobiledevice,302105,.004000
libcgroup,301745,.003900
libportal,300651,.003900
librepo,298940,.003900
qt5-qtx11extras,298073,.003900
lzo,297827,.003900
pcsc-lite,297782,.003900
libproxy,296542,.003900
apr-util,296239,.003900
libwmf-lite,296094,.003900
libdvdread,295934,.003900
perl-libnet,295892,.003900
libvirt-glib,295702,.003900
kmod-libs,295078,.003900
libass,293803,.003800
libnftnl,293690,.003800
libgrss,293447,.003800
libcomps,292967,.003800
vazirmatn-vf-fonts,292204,.003800
cairomm,292160,.003800
libtasn1,290924,.003800
ocl-icd,289874,.003800
sane-airscan,289455,.003800
libpagemaker,289233,.003800
mpage,288554,.003800
libmpc,288308,.003800
pptp,287901,.003800
libavif,287249,.003800
libzmf,287189,.003800
libnetfilter_conntrack,286970,.003800
autocorr-en,286881,.003800
libslirp,286241,.003700
libassuan,286110,.003700
xorg-x11-drv-nouveau,285249,.003700
pigz,284636,.003700
perl-Scalar-List-Utils,284477,.003700
ImageMagick,284240,.003700
samba-common-libs,283031,.003700
libtirpc,281530,.003700
libreport-plugin-reportuploader,280678,.003700
xkbcomp,280614,.003700
quota-nls,280116,.003700
popt,279794,.003700
accountsservice-libs,279160,.003600
libsss_certmap,279108,.003600
python3-argcomplete,277818,.003600
switcheroo-control,277261,.003600
perl-Socket,277064,.003600
librist,276725,.003600
libpipeline,275163,.003600
ipset-libs,274852,.003600
google-noto-sans-khmer-vf-fonts,274273,.003600
sssd-krb5,274174,.003600
sil-nuosu-fonts,273698,.003600
file,273570,.003600
xorg-x11-drv-qxl,273563,.003600
xz-libs,272333,.003600
libselinux,272285,.003600
libblkid,271969,.003600
libphodav,271677,.003500
iscsi-initiator-utils-iscsiuio,271135,.003500
libzip,271006,.003500
libimagequant,270327,.003500
boost-filesystem,270165,.003500
perl-Data-Dumper,270086,.003500
Box2D,269554,.003500
libnghttp2,269268,.003500
mod_lua,269247,.003500
libyaml,269235,.003500
rpm-build-libs,269230,.003500
libtommath,269093,.003500
libICE,269090,.003500
libsane-hpaio,268395,.003500
lz4-libs,268075,.003500
pipewire-gstreamer,267885,.003500
xmlsec1-nss,267430,.003500
libmspack,266914,.003500
python3-speechd,266154,.003500
python3-abrt,265575,.003500
sil-mingzat-fonts,265467,.003500
lasi,265296,.003500
gnome-bluetooth,264887,.003500
giflib,264480,.003500
pam_afs_session,264416,.003500
malcontent-control,264273,.003500
libXft,262853,.003400
usbmuxd,262794,.003400
memstrack,262500,.003400
NetworkManager-ssh-gnome,261778,.003400
power-profiles-daemon,261693,.003400
google-noto-naskh-arabic-vf-fonts,261241,.003400
time,261097,.003400
ipset,260863,.003400
libXpm,260423,.003400
gssdp,260280,.003400
libbytesize,260093,.003400
libsigc++20,258947,.003400
dmraid,258522,.003400
logrotate,258381,.003400
google-crosextra-caladea-fonts,257136,.003400
unoconv,255583,.003300
geocode-glib2,255245,.003300
libSM,255197,.003300
which,254452,.003300
startup-notification,252022,.003300
clutter-gtk,251523,.003300
libgusb,251096,.003300
libreport-plugin-ureport,250336,.003300
python3-rpm,250333,.003300
libseccomp,249484,.003300
graphene,249251,.003300
libXau,249075,.003200
gnome-classic-session,248995,.003200
bubblewrap,248931,.003200
libXdmcp,248098,.003200
libusb1,247686,.003200
vo-amrwbenc,247587,.003200
abrt-dbus,246940,.003200
libini_config,246152,.003200
libss,245423,.003200
libcom_err,245369,.003200
geoclue2-libs,245161,.003200
libmd,244909,.003200
libcollection,244792,.003200
libsss_nss_idmap,244374,.003200
low-memory-monitor,244134,.003200
libcue,243837,.003200
libsss_idmap,243782,.003200
libxklavier,243699,.003200
libpath_utils,243536,.003200
libdhash,243534,.003200
libref_array,243414,.003200
libbasicobjects,243300,.003200
libipa_hbac,243292,.003200
malcontent-libs,243258,.003200
liblqr-1,242824,.003200
python3-markupsafe,242679,.003200
perl-TermReadKey,242119,.003200
flatpak-session-helper,241261,.003100
cxl-libs,241213,.003100
gettext-envsubst,240830,.003100
mokutil,240742,.003100
pcre2-syntax,240727,.003100
libgfrpc0,239632,.003100
libev,239306,.003100
daxctl-libs,239291,.003100
dmidecode,238890,.003100
pcaudiolib,238763,.003100
vte-profile,238600,.003100
malcontent-ui-libs,238264,.003100
libfontenc,238232,.003100
paps,238142,.003100
libmediaart,237540,.003100
libgudev,237472,.003100
perl-Digest-MD5,237358,.003100
pkgconf,237339,.003100
traceroute,237272,.003100
liblouisutdml-utils,236958,.003100
nautilus-extensions,236542,.003100
libsss_sudo,235831,.003100
kpartx,235666,.003100
tree,235662,.003100
libijs,235580,.003100
libqrtr-glib,235079,.003100
libsrtp,234993,.003100
pkcs11-helper,233896,.003000
libdaemon,233735,.003000
gvncpulse,233594,.003000
libreport-plugin-logger,233406,.003000
libcacard,233110,.003000
libusbmuxd,232871,.003000
dleyna,232835,.003000
libasyncns,232798,.003000
gupnp-igd,232700,.003000
libkcapi,232696,.003000
lzop,232414,.003000
keyutils-libs,232209,.003000
libpskc,232126,.003000
stoken-libs,231572,.003000
mod_dnssd,231353,.003000
libcbor,231313,.003000
slirp4netns,231102,.003000
libsigsegv,231001,.003000
protobuf-c,230912,.003000
xdg-dbus-proxy,230609,.003000
libpaper,230361,.003000
libsmartcols,230347,.003000
libdvdnav,229868,.003000
libnet,229544,.003000
cjson,229470,.003000
libmnl,228955,.003000
libpasswdqc,228738,.003000
spice-webdavd,228055,.003000
libtool-ltdl,227968,.003000
perl-MIME-Base64,227805,.003000
gtk-update-icon-cache,227783,.003000
libftdi,227742,.003000
libudfread,227732,.003000
libnsl2,227686,.003000
libdatrie,227665,.003000
libspectre,227630,.003000
lm_sensors-libs,227590,.003000
ipcalc,227496,.003000
dotconf,227476,.003000
device-mapper-event-libs,227404,.003000
twolame-libs,227312,.003000
libXcomposite,226973,.003000
npth,226699,.003000
libgdither,226642,.003000
linux-atm-libs,226615,.003000
jansson,226100,.002900
gnome-video-effects,225809,.002900
libcloudproviders,225649,.002900
libreport-plugin-kerneloops,225411,.002900
hyphen,224796,.002900
fuse-overlayfs,224695,.002900
libswresample-free,224460,.002900
sshpass,224247,.002900
b43-fwcutter,223870,.002900
alternatives,223718,.002900
gnome-terminal-nautilus,223474,.002900
libpostproc-free,223408,.002900
totem-video-thumbnailer,223316,.002900
hostname,223096,.002900
python3-satyr,223086,.002900
libffi,222968,.002900
libeot,222269,.002900
ntfs-3g-system-compression,221840,.002900
libXdamage,221779,.002900
perl-URI,221186,.002900
python3-libcomps,220992,.002900
mkpasswd,220800,.002900
pciutils-libs,220295,.002900
ghostscript,220110,.002900
libcap-ng-python3,220077,.002900
libfdt,219512,.002900
liba52,219043,.002900
libnfnetlink,218939,.002900
libsbc,218890,.002800
linux-firmware-whence,218681,.002800
libargon2,218675,.002800
python3,218058,.002800
xxhash-libs,217598,.002800
xorg-x11-drv-wacom-serial-support,217448,.002800
abrt-plugin-bodhi,216751,.002800
sudo-python-plugin,216541,.002800
anaconda-widgets,216394,.002800
perl-mro,215932,.002800
evince-djvu,215735,.002800
libXext,215373,.002800
lilv-libs,215330,.002800
snappy,215230,.002800
lmdb-libs,214640,.002800
libwayland-cursor,214416,.002800
python3-distro,214334,.002800
libchromaprint,214321,.002800
vid.stab,213647,.002800
qemu-device-display-qxl,213308,.002800
ilbc,212864,.002800
iptstate,212567,.002800
xprop,212519,.002800
system-config-printer-udev,211158,.002700
xorg-x11-drv-evdev,211024,.002700
mkfontscale,211016,.002700
libogg,210769,.002700
xorg-x11-drv-libinput,210351,.002700
editorconfig-libs,210223,.002700
gsm,210080,.002700
wpebackend-fdo,209804,.002700
libmysofa,209588,.002700
xorg-x11-xauth,209360,.002700
xmodmap,209095,.002700
keybinder3,209031,.002700
sssd-nfs-idmap,208621,.002700
xrdb,208455,.002700
cldr-emoji-annotation-dtd,208199,.002700
xorg-x11-drv-armsoc,207993,.002700
double-conversion,207976,.002700
json-c,207539,.002700
libwpe,207422,.002700
libb2,207414,.002700
lohit-kannada-fonts,206992,.002700
zchunk-libs,206861,.002700
libXtst,206800,.002700
qemu-device-usb-redirect,206797,.002700
perl-Fcntl,206685,.002700
xhost,206655,.002700
perl-NDBM_File,206600,.002700
libmetalink,206424,.002700
unbound-anchor,206417,.002700
libeconf,206195,.002700
qemu-device-display-virtio-gpu,206091,.002700
qemu-device-usb-host,206065,.002700
boost-thread,205921,.002700
bzip2-libs,205916,.002700
libpciaccess,205819,.002700
speex,205772,.002700
qemu-block-curl,205712,.002700
pcsc-lite-libs,205698,.002700
xcb-util-renderutil,205686,.002700
libXi,205661,.002700
qemu-block-gluster,205619,.002700
qemu-block-blkio,205601,.002700
qemu-ui-spice-core,205339,.002700
udisks2-iscsi,205166,.002700
liboauth,205119,.002700
numad,205096,.002700
dbus-x11,205017,.002700
libXrandr,204924,.002700
hypervkvpd,204852,.002700
mythes,204541,.002700
xcb-util-cursor,204485,.002700
PackageKit-command-not-found,204329,.002700
setxkbmap,204255,.002700
libXinerama,204229,.002700
swtpm-libs,204228,.002700
compsize,204196,.002700
sratom,204143,.002700
libpeas-gtk,204060,.002700
sgpio,204055,.002700
qemu-block-ssh,204047,.002700
qemu-block-iscsi,204001,.002700
speech-dispatcher-espeak-ng,203939,.002700
fstrm,203812,.002600
abrt-addon-pstoreoops,203777,.002600
libwayland-server,203736,.002600
qemu-ui-gtk,203724,.002600
iniparser,203648,.002600
device-mapper-event,203580,.002600
xcb-util,203565,.002600
libxcvt,203558,.002600
boost-iostreams,203540,.002600
fprintd-pam,203510,.002600
libXfixes,203490,.002600
nss-sysinit,203430,.002600
xcb-util-image,203384,.002600
librabbitmq,203357,.002600
libwayland-client,203280,.002600
libXrender,203255,.002600
libXv,203233,.002600
qemu-device-display-virtio-gpu-gl,203222,.002600
libevdev,203131,.002600
libtevent,203020,.002600
libpkgconf,203001,.002600
gvfs-fuse,202978,.002600
gnutls-dane,202956,.002600
symlinks,202952,.002600
xorg-x11-drv-fbdev,202948,.002600
poppler-cpp,202854,.002600
boost-chrono,202841,.002600
libzstd-devel,202817,.002600
qemu-device-usb-smartcard,202806,.002600
libtdb,202708,.002600
jxl-pixbuf-loader,202702,.002600
libuuid,202637,.002600
libXcursor,202624,.002600
numactl-libs,202614,.002600
libverto,202605,.002600
python3-pwquality,202472,.002600
qemu-block-rbd,202463,.002600
libXxf86vm,202451,.002600
mtdev,202437,.002600
libglvnd-egl,202420,.002600
gstreamer1-plugins-good-qt6,202377,.002600
qemu-block-nfs,202367,.002600
evince-previewer,202365,.002600
mesa-libgbm,202268,.002600
libblockdev-lvm,202226,.002600
libreport-plugin-systemd-journal,202220,.002600
qemu-ui-sdl,202140,.002600
qemu-audio-alsa,202040,.002600
NetworkManager-bluetooth,202035,.002600
boost-atomic,202025,.002600
pinentry-gnome3,202019,.002600
qemu-char-spice,201987,.002600
libXres,201986,.002600
libvdpau,201970,.002600
libreport-cli,201940,.002600
xisxwayland,201926,.002600
webp-pixbuf-loader,201911,.002600
fwupd-plugin-modem-manager,201879,.002600
libfsverity,201848,.002600
abrt-libs,201838,.002600
evince-thumbnailer,201824,.002600
xcb-util-keysyms,201811,.002600
qemu-audio-dbus,201792,.002600
libraqm,201762,.002600
pam_passwdqc,201751,.002600
dmraid-events,201729,.002600
libkcapi-hmaccalc,201725,.002600
libpsl,201672,.002600
libattr,201661,.002600
libwayland-egl,201626,.002600
libatomic,201562,.002600
criu-libs,201554,.002600
qemu-ui-opengl,201551,.002600
libtalloc,201522,.002600
libreport-web,201482,.002600
qemu-device-display-virtio-vga,201443,.002600
avahi-gobject,201408,.002600
sane-backends-libs,201398,.002600
libblockdev-fs,201392,.002600
cyrus-sasl-gssapi,201384,.002600
gstreamer1-plugins-good-gtk,201360,.002600
qemu-audio-pa,201350,.002600
libblockdev-lvm-dbus,201326,.002600
qemu-audio-oss,201311,.002600
qemu-audio-jack,201304,.002600
boost-date-time,201300,.002600
boost-system,201289,.002600
qemu-audio-sdl,201287,.002600
qemu-audio-spice,201201,.002600
qemu-ui-curses,201135,.002600
hypervvssd,201130,.002600
rpm-plugin-systemd-inhibit,201126,.002600
libacl,201122,.002600
bluez-cups,201114,.002600
qemu-char-baum,201106,.002600
plymouth-plugin-two-step,201090,.002600
ibus-gtk3,201088,.002600
NetworkManager-team,201086,.002600
libportal-gtk3,201080,.002600
libportal-gtk4,201080,.002600
gvfs-archive,201057,.002600
qemu-ui-egl-headless,201045,.002600
hypervfcopyd,201030,.002600
libproxy-duktape,201026,.002600
qemu-device-display-virtio-gpu-pci,201023,.002600
qemu-device-display-virtio-gpu-ccw,200989,.002600
libblockdev-mdraid,200984,.002600
xmlrpc-c-client,200982,.002600
python3-gobject,200972,.002600
qemu-ui-spice-app,200970,.002600
NetworkManager-adsl,200966,.002600
ibus-gtk4,200955,.002600
libvirt-daemon-driver-storage-rbd,200940,.002600
pulseaudio-libs-glib2,200916,.002600
rpm-plugin-selinux,200907,.002600
libvirt-daemon-driver-storage-logical,200896,.002600
abrt-gui-libs,200894,.002600
libpeas-loader-python3,200893,.002600
PackageKit-gstreamer-plugin,200872,.002600
libvirt-daemon-driver-storage-iscsi-direct,200845,.002600
libvirt-daemon-driver-storage-disk,200829,.002600
libblockdev-btrfs,200814,.002600
PackageKit-gtk3-module,200788,.002600
qemu-device-display-virtio-vga-gl,200782,.002600
avahi-glib,200762,.002600
fwupd-plugin-flashrom,200762,.002600
libvirt-daemon-driver-storage-scsi,200749,.002600
libverto-libev,200732,.002600
plymouth-plugin-label,200727,.002600
libvirt-daemon-driver-storage-iscsi,200726,.002600
libxkbcommon-x11,200720,.002600
colord-gtk4,200708,.002600
libblockdev-nvdimm,200680,.002600
qemu-block-dmg,200675,.002600
libblockdev-mpath,200662,.002600
libblockdev-part,200660,.002600
libblockdev-swap,200660,.002600
libvirt-daemon-driver-storage-mpath,200654,.002600
harfbuzz-icu,200630,.002600
qemu-device-display-virtio-gpu-pci-gl,200618,.002600
libblockdev-crypto,200616,.002600
apr-util-openssl,200583,.002600
libblockdev-dm,200552,.002600
libblockdev-kbd,200498,.002600
libblockdev-loop,200468,.002600
libxshmfence,200456,.002600
rpm-sign-libs,200388,.002600
flexiblas-openblas-openmp,200325,.002600
apr-util-bdb,200287,.002600
cairo-gobject,200128,.002600
libX11-xcb,199980,.002600
gnome-keyring-pam,199891,.002600
abattis-cantarell-vf-fonts,196951,.002600
dkms,196502,.002600
dracut-network,195706,.002500
passt-selinux,192880,.002500
python3-humanize,192680,.002500
rit-meera-new-fonts,188760,.002500
media-player-info,185517,.002400
lohit-devanagari-fonts,183774,.002400
langtable,181603,.002400
libsmbclient,179920,.002300
uresourced,176806,.002300
libreoffice-langpack-en,175628,.002300
python3-tempita,170535,.002200
kdump-anaconda-addon,168771,.002200
perl-Pod-Perldoc,166968,.002200
perl-File-Temp,166172,.002200
fwupd-efi,163343,.002100
perl-HTTP-Tiny,155588,.002000
google-noto-sans-georgian-vf-fonts,148338,.001900
google-noto-sans-gurmukhi-vf-fonts,148268,.001900
crypto-policies,146211,.001900
lohit-bengali-fonts,145663,.001900
lohit-assamese-fonts,145570,.001900
plymouth-theme-spinner,144361,.001900
zlib-devel,142482,.001800
samba-common,142275,.001800
perl-Getopt-Long,141332,.001800
usb_modeswitch-data,137492,.001800
google-noto-sans-cherokee-vf-fonts,136247,.001800
whois-nls,134842,.001700
libreport-plugin-bugzilla,130795,.001700
xorg-x11-server-common,130336,.001700
gnome-browser-connector,126170,.001600
iwlegacy-firmware,126070,.001600
python3-six,125652,.001600
fedora-gpg-keys,123599,.001600
python3-blockdev,121866,.001600
policycoreutils-python-utils,119472,.001500
containers-common,118744,.001500
google-noto-sans-canadian-aboriginal-vf-fonts,109728,.001400
python3-pysocks,108115,.001400
hyphen-en,106371,.001400
python3-augeas,101390,.001300
perl-IO-Socket-IP,99928,.001300
perl-Term-ANSIColor,99819,.001300
fedora-bookmarks,96394,.001200
lohit-odia-fonts,96305,.001200
lohit-marathi-fonts,93197,.001200
git,87279,.001100
perl-Pod-Usage,86712,.001100
urw-base35-d050000l-fonts,86336,.001100
abrt-tui,85820,.001100
python3-ptyprocess,84611,.001100
lohit-gujarati-fonts,84367,.001100
openblas,83482,.001100
mailcap,82923,.001000
fedora-third-party,81700,.001000
libertas-usb8388-firmware,81344,.001000
xml-common,80280,.001000
perl-Error,79070,.001000
google-noto-sans-thai-vf-fonts,78892,.001000
libwbclient,76060,.001000
flexiblas,74579,.000900
gnome-shell-extension-window-list,74197,.000900
hicolor-icon-theme,73932,.000900
perl-overload,73038,.000900
google-noto-sans-lao-vf-fonts,71307,.000900
fpaste,69646,.000900
container-selinux,68769,.000900
publicsuffix-list-dafsa,67897,.000800
perl-Time-Local,67019,.000800
perl-Git,65541,.000800
perl-File-Path,65002,.000800
livesys-scripts,63790,.000800
geocode-glib-data,63586,.000800
python3-bytesize,61666,.000800
lohit-tamil-fonts,60667,.000800
gnome-shell-extension-background-logo,59656,.000700
libgfxdr0,57912,.000700
google-noto-sans-hebrew-vf-fonts,55728,.000700
perl-Exporter,55219,.000700
libreport-fedora,54755,.000700
fros,50686,.000600
python3-urllib3+socks,49629,.000600
grubby,48970,.000600
gnome-themes-extra,48712,.000600
perl-Carp,47642,.000600
python3-louis,45793,.000600
qemu-user-static,45699,.000600
urw-base35-standard-symbols-ps-fonts,45248,.000500
zd1211-firmware,44600,.000500
python3-requests-ftp,44579,.000500
python3-pid,42428,.000500
perl-File-Find,39534,.000500
dnf-data,39236,.000500
dracut-live,38942,.000500
vpnc-script,38674,.000500
urw-base35-fonts-common,38280,.000500
cifs-utils-info,38199,.000500
abrt-addon-vmcore,38071,.000500
perl-Digest,36060,.000400
google-noto-sans-armenian-vf-fonts,35765,.000400
sssd,35147,.000400
elfutils-libelf-devel,34588,.000400
python3-nftables,34420,.000400
perl-DynaLoader,33832,.000400
google-noto-sans-thaana-vf-fonts,32375,.000400
b43-openfwwf,31549,.000400
libxcrypt-devel,30995,.000400
python3-file-magic,30672,.000400
perl-Term-Cap,29957,.000300
python3-meh-gui,29695,.000300
perl-Class-Struct,26954,.000300
perl-constant,26840,.000300
plymouth-scripts,25939,.000300
selinux-policy,25743,.000300
libreoffice-emailmerge,25551,.000300
perl-Pod-Escapes,25476,.000300
perl-IPC-Open3,24966,.000300
perl-Text-Tabs+Wrap,23928,.000300
gnome-shell-extension-apps-menu,23818,.000300
dnf-plugins-core,22934,.000300
anaconda-live,22872,.000300
yum,22235,.000200
perl-AutoLoader,22037,.000200
gnome-shell-extension-places-menu,21142,.000200
copy-jdk-configs,20756,.000200
bind-license,19672,.000200
libreport-anaconda,19635,.000200
python3-abrt-addon,19482,.000200
fedora-chromium-config-gssapi,18753,.000200
hyperv-daemons-license,18693,.000200
fedora-chromium-config-gnome,18203,.000200
google-noto-fonts-common,18083,.000200
vim-data,18066,.000200
fedora-chromium-config,18047,.000200
tigervnc-license,18000,.000200
fedora-release-common,17464,.000200
fros-gnome,16114,.000200
gnome-session-wayland-session,15851,.000200
gnome-session-xsession,15745,.000200
perl-File-Basename,15340,.000200
tesseract-tessdata-doc,15313,.000200
pkgconf-m4,14187,.000100
perl-File-stat,13946,.000100
perl-Text-ParseWords,13839,.000100
perl-base,13820,.000100
python3-requests-file,12750,.000100
flatpak-selinux,12507,.000100
liberation-fonts-common,12495,.000100
fedora-logos-httpd,12351,.000100
perl-Getopt-Std,12305,.000100
dbus-common,11504,.000100
wireless-regdb,11355,.000100
perl-FileHandle,10530,.000100
perl-parent,9959,.000100
perl-lib,9673,.000100
perl-Errno,9507,.000100
kasumi-common,9124,.000100
perl-Symbol,7954,.000100
perl-locale,7370,0
perl-if,6896,0
perl-Mozilla-CA,6187,0
perl-overloading,5894,0
initscripts-service,5832,0
urw-base35-fonts,5478,0
fedora-flathub-remote,5257,0
perl-vars,4927,0
fedora-repos,4597,0
fedora-repos-modular,4042,0
dracut-config-rescue,3755,0
mesa-filesystem,3682,0
ghostscript-tools-printing,3553,0
perl-SelectSaver,3171,0
dracut-squash,3100,0
ghostscript-tools-fonts,2531,0
fedora-release-identity-workstation,2206,0
javapackages-filesystem,1932,0
elfutils-default-yama-scope,1810,0
fedora-workstation-repositories,1530,0
qt-settings,1164,0
gnome-shell-extension-launch-new-instance,1007,0
pkgconf-pkg-config,990,0
rootfiles,817,0
f38-backgrounds-gnome,706,0
nano-default-editor,514,0
mariadb-connector-c-config,497,0
libvirt-daemon-config-network,470,0
httpd-filesystem,464,0
langpacks-en,400,0
langpacks-core-en,398,0
desktop-backgrounds-gnome,361,0
langpacks-core-font-en,351,0
zram-generator-defaults,320,0
NetworkManager-config-connectivity-fedora,310,0
libssh-config,277,0
firewalld-filesystem,239,0
systemd-oomd-defaults,187,0
color-filesystem,151,0
filesystem,106,0
qt5-qtbase-common,78,0
qt6-qtbase-common,74,0
fuse-common,38,0
web-assets-filesystem,34,0
pipewire-jack-audio-connection-kit,30,0
python-unversioned-command,23,0
abrt-cli,0,0
abrt-desktop,0,0
anaconda,0,0
anaconda-install-env-deps,0,0
basesystem,0,0
containers-common-extra,0,0
cups-filesystem,0,0
dbus,0,0
default-editor,0,0
efi-filesystem,0,0
emacs-filesystem,0,0
fedora-release-workstation,0,0
fonts-filesystem,0,0
gnome-control-center-filesystem,0,0
gpg-pubkey,0,0
gpg-pubkey,0,0
hunspell-filesystem,0,0
hyperv-daemons,0,0
kernel,0,0
kernel,0,0
kernel-devel-matched,0,0
libblockdev-plugins-all,0,0
libreoffice-filters,0,0
libreport-filesystem,0,0
libvirt-daemon-driver-storage,0,0
libvirt-daemon-kvm,0,0
mozilla-filesystem,0,0
passwdqc,0,0
plymouth-system-theme,0,0
qemu-kvm,0,0
qemu-system-aarch64,0,0
